item_id,type,sentence,group,question,correct_answer
T1-A1,(Upper-) closed adjectives (baseline),The glass on the table is totally full of juice.,A,Was the glass on the table full?,yes
T1-A2,(Upper-) closed adjectives (baseline),The stadium down the street was totally empty after midnight.,A,,
T1-A3,(Upper-) closed adjectives (baseline),The downtown office will be totally closed for the holidays.,A,,
T1-A4,(Upper-) closed adjectives (baseline),The tiny ink mark became totally invisible at night.,A,,
T1-B1,(Upper-) closed adjectives (baseline),The kitchen floor looked totally clean after she swept it.,B,,
T1-B2,(Upper-) closed adjectives (baseline),The mountain water was totally pure and safe to drink.,B,,
T1-B3,(Upper-) closed adjectives (baseline),The laundry on the line is totally dry by now.,B,Has the laundry been dried yet?,yes
T1-B4,(Upper-) closed adjectives (baseline),The steel beam for the roof is totally straight and level.,B,,
T2-A1,Extreme adjectives,The live concert at the arena was totally awesome to experience.,A,,
T2-A2,Extreme adjectives,The stand-up comedy special was totally hilarious to watch.,A,,
T2-A3,Extreme adjectives,The weekend trip to the coast was totally wonderful for us.,A,Was the weekend trip terrible?,no
T2-A4,Extreme adjectives,The view from the balcony looked totally amazing last night.,A,,
T2-B1,Extreme adjectives,The price of the ticket seemed totally ridiculous to pay.,B,,
T2-B2,Extreme adjectives,She looked totally gorgeous in that white dress.,B,Did she look beautiful last night?,yes
T2-B3,Extreme adjectives,The marathon runners were totally exhausted after racing.,B,,
T2-B4,Extreme adjectives,The traffic jam was totally awful this afternoon.,B,,
T3-A1,(Other) general evaluative adjectives (relative),The documentary about space travel was totally interesting to watch.,A,,
T3-A2,(Other) general evaluative adjectives (relative),The view from the mountain peak looked totally beautiful at sunset.,A,,
T3-A3,(Other) general evaluative adjectives (relative),The new student is totally kind to me.,A,,
T3-A4,(Other) general evaluative adjectives (relative),The final puzzle in the video game was totally difficult to solve.,A,,
T3-B1,(Other) general evaluative adjectives (relative),The building near the old station looks totally ugly nowadays.,B,,
T3-B2,(Other) general evaluative adjectives (relative),The guest lecture in the main hall felt totally boring to sit through.,B,,
T3-B3,(Other) general evaluative adjectives (relative),The morning quiz in the history class was totally easy to pass.,B,,
T3-B4,(Other) general evaluative adjectives (relative),The mistake in the email draft seemed totally dumb to me.,B,,
T4-A1,Dimensional adjectives (relative),The wall around the warehouse is totally high to climb.,A,,
T4-A2,Dimensional adjectives (relative),The line at the post office was totally long this Friday morning.,A,,
T4-A3,Dimensional adjectives (relative),The new research campus is totally far from the train station.,A,,
T4-A4,Dimensional adjectives (relative),The swimming pool at the resort is totally deep on one end.,A,,
T4-B1,Dimensional adjectives (relative),The leather jacket from the online store is totally big on him.,B,,
T4-B2,Dimensional adjectives (relative),That apartment on the top floor looks totally small for two people.,B,,
T4-B3,Dimensional adjectives (relative),The main avenue through the downtown is totally wide for traffic.,B,,
T4-B4,Dimensional adjectives (relative),The new boy on the basketball team is totally tall for his age.,B,,
T5-A1,Should totally + VP,You should totally watch that movie on television.,A,,
T5-A2,Should totally + VP,We should totally visit that beautiful park near the river.,A,,
T5-A3,Should totally + VP,She should totally go to that party.,A,Should she go to the party?,yes
T5-A4,Should totally + VP,You should totally try the new restaurant down the street.,A,,
T5-B1,Should totally + VP,He should totally meet the new girl at work.,B,Should he meet the new girl?,yes
T5-B2,Should totally + VP,We should totally avoid that dumb argument on social media.,B,,
T5-B3,Should totally + VP,You should totally take that job.,B,,
T5-B4,Should totally + VP,You should totally listen to me on this. I've been there.,B,,
T6-A1,Must totally + VP,You must totally be from Vietnam given your accent.,A,,
T6-A2,Must totally + VP,It must totally be freezing outside.,A,,
T6-A3,Must totally + VP,She must totally know the answer to that easy question.,A,,
T6-A4,Must totally + VP,You must totally be happy with your final exam grades.,A,,
T6-B1,Must totally + VP,She must totally live around here since she walks daily.,B,,
T6-B2,Must totally + VP,You must totally be exhausted after that long flight.,B,,
T6-B3,Must totally + VP,He must totally love his job because he is never late.,B,,
T6-B4,Must totally + VP,They must totally know this restaurant's owner since he is really famous.,B,,
T7-A1,Should definitely + VP (in fillers),You should definitely borrow that interesting book.,A,,
T7-A2,Should definitely + VP (in fillers),We should definitely check the flight schedule before leaving tonight.,A,,
T7-A3,Should definitely + VP (in fillers),You should definitely sign that new contract.,A,,
T7-A4,Should definitely + VP (in fillers),You should definitely trust my advice on this.,A,,
T7-B1,Should definitely + VP (in fillers),He should definitely accept their invitation.,B,,
T7-B2,Should definitely + VP (in fillers),She should definitely save those files on the hard drive.,B,,
T7-B3,Should definitely + VP (in fillers),He should definitely apply for that scholarship.,B,,
T7-B4,Should definitely + VP (in fillers),You should definitely try the local coffee shop around the corner.,B,,
F01,Filler sentences,Emma forgot her umbrella before leaving the apartment.,,Did Emma bring her umbrella?,no
F02,Filler sentences,My brother usually drinks coffee before work.,,,
F03,Filler sentences,The children played outside after school.,,,
F04,Filler sentences,Sarah borrowed a novel from the local library.,,,
F05,Filler sentences,David cleaned the kitchen before his guests arrived.,,Did David clean the kitchen?,yes
F06,Filler sentences,We visited our grandparents during the spring holiday.,,,
F07,Filler sentences,The teacher collected everyone's assignments after class.,,,
F08,Filler sentences,The meeting started fifteen minutes later than expected.,,Did the meeting begin on time?,no
F09,Filler sentences,Every student submitted the report before Friday.,,,
F10,Filler sentences,The manager answered several emails during lunch.,,,
F11,Filler sentences,Lisa printed the documents before the interview.,,,
F12,Filler sentences,The researcher organized the data into separate folders.,,,
F13,Filler sentences,Our team finished the project earlier than expected.,,,
F14,Filler sentences,Heavy rain delayed several trains this morning.,,Did heavy rain delay several trains?,yes
F15,Filler sentences,The wind became stronger during the afternoon.,,,
F16,Filler sentences,Many birds returned after the weather became warmer.,,,
F17,Filler sentences,The lake reflected the mountains at sunrise.,,,
F18,Filler sentences,The bus stopped near the museum entrance.,,Did the bus stop near the museum?,yes
F19,Filler sentences,We booked the hotel several weeks in advance.,,,
F20,Filler sentences,Their flight arrived shortly before midnight.,,Did their flight arrive after midnight?,no
F21,Filler sentences,Anna drove carefully through the narrow streets.,,,
F22,Filler sentences,My parents prepared dinner for the whole family.,,,
F23,Filler sentences,The restaurant served fresh seafood every weekend.,,,
F24,Filler sentences,We watched an old movie on Saturday evening.,,,
F25,Filler sentences,James bought fresh fruit at the market.,,,
F26,Filler sentences,A small package arrived early this morning.,,Did a small package arrive this morning?,yes
F27,Filler sentences,The musician practiced every evening before the concert.,,,
F28,Filler sentences,Our neighbors planted new flowers in the garden.,,,
